#{"t_start": 1716879780.6458879, "env_id": "BattleModuleMagicTowerEnv"}
r,l,t
-50000.0,50000,110.814996
-50000.0,50000,220.675728
-50000.0,50000,330.81672
-50000.0,50000,437.022532
-50000.0,50000,548.019271
