#{"t_start": 1718350382.804059, "env_id": "ModuleMagicTowerEnv_6x6"}
r,l,t
-999.3,1000,15.300085
-720.1,1000,31.496707
-999.3,1000,48.007083
