#{"t_start": 1716020172.099658, "env_id": "MagicTowerEnv-v0"}
r,l,t
-1047.0,1000,2.542538
-693.0,1000,3.910059
-1047.0,1000,5.258065
-943.0,1000,6.613189
-1047.0,1000,8.020225
-943.0,1000,9.470634
-1047.0,1000,10.854346
-943.0,1000,12.378789
-797.0,1000,13.771451
-943.0,1000,15.365062
-1047.0,1000,16.769792
-943.0,1000,18.294017
-1047.0,1000,19.681952
