#{"t_start": 1716085803.8255615, "env_id": "MagicTowerEnv-v0"}
r,l,t
-10000.0,1000,2.332208
-10000.0,1000,3.618297
-10000.0,1000,5.137608
-1284.0,553,6.430585
-428.0,327,7.178148
-1474.0,500,8.424921
