#{"t_start": 1716174040.573704, "env_id": "CurriculumMagicTowerEnv_lv1"}
r,l,t
-99980.1,10000,14.833258
-99063.1,10000,28.778308
-99980.1,10000,45.977821
385.9,646,65.737456
-956.0,193,66.196618
1332.3,227,83.111532
-480.6,132,83.424217
1358.8,149,83.776775
-365.0,65,83.931799
1117.5,152,100.453648
1555.2,66,100.607676
1400.9,113,100.874719
1685.8,47,100.985747
1420.3,337,125.453057
1584.8,67,125.615089
1478.2,134,125.933268
1688.8,17,125.975267
1507.8,144,126.316868
-172.5,32,126.393187
