#{"t_start": 1716174040.5747035, "env_id": "CurriculumMagicTowerEnv_lv1"}
r,l,t
-99980.1,10000,14.832258
-99063.1,10000,28.777308
-99980.1,10000,45.976821
821.5,349,46.878007
-596.3,211,65.534477
1238.3,276,66.186619
-757.0,84,66.385964
1146.1,280,83.428218
1626.8,43,83.529736
1695.5,159,83.905801
-326.9,91,84.119017
242.1,698,125.60509
1488.0,27,125.67109
1443.7,202,126.151306
-757.4,88,126.360869
