#{"t_start": 1716174040.575704, "env_id": "CurriculumMagicTowerEnv_lv1"}
r,l,t
-99980.1,10000,14.832262
-99063.1,10000,28.776308
-99980.1,10000,45.975821
1467.3,164,46.409683
1630.1,120,46.705747
1599.2,121,47.070138
-279.3,110,65.426291
704.9,318,66.178618
-1245.4,189,66.626993
1485.2,172,83.412217
1313.6,205,83.8968
-426.7,357,100.905229
-392.3,151,101.261778
1733.5,76,101.440813
-919.1,110,125.36954
1515.7,54,125.497569
-259.3,108,125.757607
1620.9,113,126.026786
1597.1,153,126.391187
