#{"t_start": 1716174040.575704, "env_id": "CurriculumMagicTowerEnv_lv1"}
r,l,t
-99980.1,10000,14.832262
-99063.1,10000,28.776308
-99980.1,10000,45.975821
987.7,172,46.428683
1447.1,47,46.546721
1582.1,96,46.781771
1579.9,127,47.192539
852.3,455,66.331848
-679.3,249,83.297697
902.5,349,84.123018
-2174.0,313,101.027747
1277.3,282,125.36254
-297.7,96,125.59209
1599.7,127,125.896267
-683.8,45,126.003785
1276.9,169,126.405187
