#{"t_start": 1716174040.576703, "env_id": "CurriculumMagicTowerEnv_lv1"}
r,l,t
-99980.1,10000,14.831263
-99063.1,10000,28.776309
-99980.1,10000,45.974822
1508.1,143,46.357175
1657.9,139,46.697747
1325.9,291,65.563482
-757.6,90,65.776487
1503.0,93,65.99752
-741.1,237,66.557485
1488.4,19,66.601994
-531.3,146,83.324698
1071.9,109,83.586252
867.1,280,100.40865
1163.8,317,101.158263
-277.3,90,101.3733
1351.5,112,125.304541
1587.3,31,125.378546
1502.8,95,125.605091
-278.9,106,125.859751
